0,1,2,3,4,5,6,7,8,9,10,11,12,13,14,15,16,17,18,19,20,21,22,23,24,25,26,27,28,29,30,31,32,33,34,35,36,37,38,39,40,41,42,43,44,45,46,47,48,49,50,51,52,53,54,55,56,57,58,59,60,61,62,63
,,,,,,,N,P,K,S,Zn,B,Mo,Mg,N,,,,,,P,,,,,,K,,,,,,S,,,,,,Zn,,,,,,B,,,,,,Mo,,,,,,Mg,,,,,,0
Boro Rice,7.5,±,0.75,,Boro Rice7.5,1,60,8,38,6,1.3,,,,240,180,120,60,,,32,24,16,8,,,152,114,76,38,,,24,18,12,6,,,3.9,2.6,1.3,,,,0,0,0,,,,0,0,0,,,,0,0,0,,,,0
Boro Rice,6,±,0.6,,Boro Rice6,2,48,7,30,5,1,,,,192,144,96,48,,,28,21,14,7,,,120,90,60,30,,,20,15,10,5,,,3,2,1,,,,0,0,0,,,,0,0,0,,,,0,0,0,,,,0
Boro Rice,5,±,0.5,,Boro Rice5,3,40,6,25,4,0.8,,,,160,120,80,40,,,24,18,12,6,,,100,75,50,25,,,16,12,8,4,,,2.4,1.6,0.8,,,,0,0,0,,,,0,0,0,,,,0,0,0,,,,0
Boro Rice,3.5,±,0.35,,Boro Rice3.5,4,23,4,14,3,0.6,,,,92,69,46,23,,,16,12,8,4,,,56,42,28,14,,,12,9,6,3,,,1.8,1.2,0.6,,,,0,0,0,,,,0,0,0,,,,0,0,0,,,,0
T. Aus Rice,4,±,0.4,,T. Aus Rice4,1,32,4,20,3,0.7,,,,128,96,64,32,,,16,12,8,4,,,80,60,40,20,,,12,9,6,3,,,2.1,1.4,0.7,,,,0,0,0,,,,0,0,0,,,,0,0,0,,,,0
T. Aus Rice,3.5,±,0.35,,T. Aus Rice3.5,2,22,4,15,3,0.6,,,,88,66,44,22,,,16,12,8,4,,,60,45,30,15,,,12,9,6,3,,,1.8,1.2,0.6,,,,0,0,0,,,,0,0,0,,,,0,0,0,,,,0
B. Aus Rice,3.5,±,0.35,,B. Aus Rice3.5,1,17,4,11,3,0.6,,,,68,51,34,17,,,16,12,8,4,,,44,33,22,11,,,12,9,6,3,,,1.8,1.2,0.6,,,,0,0,0,,,,0,0,0,,,,0,0,0,,,,0
B. Aus Rice,2.5,±,0.25,,B. Aus Rice2.5,2,10,3,8,2,0.5,,,,40,30,20,10,,,12,9,6,3,,,32,24,16,8,,,8,6,4,2,,,1.5,1,0.5,,,,0,0,0,,,,0,0,0,,,,0,0,0,,,,0
T. Aman Rice,5,±,0.5,,T. Aman Rice5,1,30,5,25,4,0.8,,,,120,90,60,30,,,20,15,10,5,,,100,75,50,25,,,16,12,8,4,,,2.4,1.6,0.8,,,,0,0,0,,,,0,0,0,,,,0,0,0,,,,0
T. Aman Rice,4,±,0.4,,T. Aman Rice4,2,24,4,20,3,0.7,,,,96,72,48,24,,,16,12,8,4,,,80,60,40,20,,,12,9,6,3,,,2.1,1.4,0.7,,,,0,0,0,,,,0,0,0,,,,0,0,0,,,,0
T. Aman Rice,3,±,0.3,,T. Aman Rice3,3,18,3,15,3,0.6,,,,72,54,36,18,,,12,9,6,3,,,60,45,30,15,,,12,9,6,3,,,1.8,1.2,0.6,,,,0,0,0,,,,0,0,0,,,,0,0,0,,,,0
T. Aman Rice LIV,3.1,±,0.31,,T. Aman Rice LIV3.1,4,13,3,12,3,0.5,,,,52,39,26,13,,,12,9,6,3,,,48,36,24,12,,,12,9,6,3,,,1.5,1,0.5,,,,0,0,0,,,,0,0,0,,,,0,0,0,,,,0
T. Aman Rice Aromatic,3,±,0.3,,T. Aman Rice Aromatic3,5,13,3,12,3,0.5,,,,52,39,26,13,,,12,9,6,3,,,48,36,24,12,,,12,9,6,3,,,1.5,1,0.5,,,,0,0,0,,,,0,0,0,,,,0,0,0,,,,0
T. Aman Rice LIV,3,±,0.3,,T. Aman Rice LIV3,6,15,3,11,3,0.5,,,,60,45,30,15,,,12,9,6,3,,,44,33,22,11,,,12,9,6,3,,,1.5,1,0.5,,,,0,0,0,,,,0,0,0,,,,0,0,0,,,,0
B. Aman Rice LIV,2.5,±,0.25,,B. Aman Rice LIV2.5,1,12,3,10,2,0.5,,,,48,36,24,12,,,12,9,6,3,,,40,30,20,10,,,8,6,4,2,,,1.5,1,0.5,,,,0,0,0,,,,0,0,0,,,,0,0,0,,,,0
Wheat Irrigated,4.5,±,0.45,,Wheat Irrigated4.5,1,40,8,30,5,1.3,0.7,,4,160,120,80,40,,,32,24,16,8,,,120,90,60,30,,,20,15,10,5,,,3.9,2.6,1.3,,,,2.1,1.4,0.7,,,,0,0,0,,,,12,8,4,,,,0
Wheat Rainfed,2.5,±,0.25,,Wheat Rainfed2.5,1,15,5,12,2.5,1.5,0.5,,4,60,45,30,15,,,20,15,10,5,,,48,36,24,12,,,10,7.5,5,2.5,,,3,1.5,,,,,1.5,1,0.5,,,,0,0,0,,,,8,4,,,,,0
Maize Hybrid,10,±,1,,Maize Hybrid10,1,75,20,40,15,2,0.8,,5,300,225,150,75,,,80,60,40,20,,,160,120,80,40,,,60,45,30,15,,,6,4,2,,,,2.4,1.6,0.8,,,,0,0,0,,,,20,15,10,5,,,0
Maize,6,±,0.6,,Maize6,1,45,12,24,9,1.4,0.7,,5,180,135,90,45,,,48,36,24,12,,,96,72,48,24,,,36,27,18,9,,,4.2,2.8,1.4,,,,2.1,1.4,0.7,,,,0,0,0,,,,15,10,5,,,,0
Maize,5.5,±,0.55,,Maize5.5,2,40,12,25,10,1.4,0.7,,3,160,120,80,40,,,48,36,24,12,,,100,75,50,25,,,40,30,20,10,,,4.2,2.8,1.4,,,,2.1,1.4,0.7,,,,0,0,0,,,,9,6,3,,,,0
Barly,3,±,0.3,,Barly3,1,20,7,15,3,1,,,,80,60,40,20,,,28,21,14,7,,,60,45,30,15,,,12,9,6,3,,,3,2,1,,,,0,0,0,,,,0,0,0,,,,0,0,0,,,,0
Proso Millet,2.5,±,0.25,,Proso Millet2.5,1,20,7,15,3,1,,,,80,60,40,20,,,28,21,14,7,,,60,45,30,15,,,12,9,6,3,,,3,2,1,,,,0,0,0,,,,0,0,0,,,,0,0,0,,,,0
Foxtail Millet,3,±,0.3,,Foxtail Millet3,1,20,8,14,3,1,,,,80,60,40,20,,,32,24,16,8,,,56,42,28,14,,,12,9,6,3,,,3,2,1,,,,0,0,0,,,,0,0,0,,,,0,0,0,,,,0
Jute,3.5,±,0.35,,Jute3.5,1,25,4,20,5,1.5,,,,100,75,50,25,,,16,12,8,4,,,80,60,40,20,,,20,15,10,5,,,4.5,3,1.5,,,,0,0,0,,,,0,0,0,,,,0,0,0,,,,0
Jute,4.5,±,0.45,,Jute4.5,2,30,5,25,8,2,,,,120,90,60,30,,,20,15,10,5,,,100,75,50,25,,,32,24,16,8,,,6,4,2,,,,0,0,0,,,,0,0,0,,,,0,0,0,,,,0
Kenaf,5,±,0.5,,Kenaf5,1,30,5,20,8,,,,,120,90,60,30,,,20,15,10,5,,,80,60,40,20,,,32,24,16,8,,,0,0,0,,,,0,0,0,,,,0,0,0,,,,0,0,0,,,,0
Mesta,4.5,±,0.45,,Mesta4.5,1,30,5,20,8,,,,,120,90,60,30,,,20,15,10,5,,,80,60,40,20,,,32,24,16,8,,,0,0,0,,,,0,0,0,,,,0,0,0,,,,0,0,0,,,,0
Jute seed,0.8,±,0.08,,Jute seed0.8,1,35,8,12,5,2,1,,,140,105,70,35,,,32,24,16,8,,,48,36,24,12,,,20,15,10,5,,,6,4,2,,,,3,2,1,,,,0,0,0,,,,0,0,0,,,,0
Jute seed,0.85,±,0.085,,Jute seed0.85,2,42,10,13,6,2,1,,,168,126,84,42,,,40,30,20,10,,,52,39,26,13,,,24,18,12,6,,,6,4,2,,,,3,2,1,,,,0,0,0,,,,0,0,0,,,,0
Kenaf Seed,0.8,±,0.08,,Kenaf Seed0.8,1,30,6,10,4,2,1,,,120,90,60,30,,,24,18,12,6,,,40,30,20,10,,,16,12,8,4,,,6,4,2,,,,3,2,1,,,,0,0,0,,,,0,0,0,,,,0
Mesta Seed,0.8,±,0.08,,Mesta Seed0.8,1,27,6,15,3.5,2,1,,,108,81,54,27,,,24,18,12,6,,,60,45,30,15,,,14,10.5,7,3.5,,,6,4,2,,,,3,2,1,,,,0,0,0,,,,0,0,0,,,,0
Cotton,2.25,±,0.225,,Cotton2.25,1,30,12,25,6,1.5,0.5,,,120,90,60,30,,,48,36,24,12,,,100,75,50,25,,,24,18,12,6,,,4.5,3,1.5,,,,1.5,1,0.5,,,,0,0,0,,,,0,0,0,,,,0
Cotton,2.27,±,0.227,,Cotton2.27,2,40,15,45,8,2,1,,5,160,120,80,40,,,60,45,30,15,,,180,135,90,45,,,32,24,16,8,,,6,4,2,,,,3,2,1,,,,0,0,0,,,,20,15,10,5,,,0
Cotton,3.6,±,0.36,,Cotton3.6,3,45,15,50,8,2,1,,5,180,135,90,45,,,60,45,30,15,,,200,150,100,50,,,32,24,16,8,,,6,4,2,,,,3,2,1,,,,0,0,0,,,,20,15,10,5,,,0
Lentil,1.8,±,0.18,,Lentil1.8,1,7,6,7,3,1,0.6,0.4,,28,21,14,7,,,24,18,12,6,,,28,21,14,7,,,12,9,6,3,,,3,2,1,,,,1.8,1.2,0.6,,,,1.2,0.8,0.4,,,,0,0,0,,,,0
Chickpea,2.5,±,0.25,,Chickpea2.5,1,9,6,8,4,1,0.6,0.4,,36,27,18,9,,,24,18,12,6,,,32,24,16,8,,,16,12,8,4,,,3,2,1,,,,1.8,1.2,0.6,,,,1.2,0.8,0.4,,,,0,0,0,,,,0
Chickpea,2,±,0.2,,Chickpea2,2,8,7,12,6,1,0.5,0.2,,32,24,16,8,,,28,21,14,7,,,48,36,24,12,,,24,18,12,6,,,3,2,1,,,,1.5,1,0.5,,,,0.6,0.4,0.2,,,,0,0,0,,,,0
Mungbean,1.5,±,0.15,,Mungbean1.5,1,6,9,8,4,1,0.6,0.4,,24,18,12,6,,,36,27,18,9,,,32,24,16,8,,,16,12,8,4,,,3,2,1,,,,1.8,1.2,0.6,,,,1.2,0.8,0.4,,,,0,0,0,,,,0
Blackgram,1.5,±,0.15,,Blackgram1.5,1,6,5,6,3,,,,,24,18,12,6,,,20,15,10,5,,,24,18,12,6,,,12,9,6,3,,,0,0,0,,,,0,0,0,,,,0,0,0,,,,0,0,0,,,,0
Grasspea,1.5,±,0.15,,Grasspea1.5,1,5,5,6,3,,,,,20,15,10,5,,,20,15,10,5,,,24,18,12,6,,,12,9,6,3,,,0,0,0,,,,0,0,0,,,,0,0,0,,,,0,0,0,,,,0
Cowpea,1.4,±,0.14,,Cowpea1.4,1,5,5,6,3,,,,,20,15,10,5,,,20,15,10,5,,,24,18,12,6,,,12,9,6,3,,,0,0,0,,,,0,0,0,,,,0,0,0,,,,0,0,0,,,,0
Mustard,2,±,0.2,,Mustard2,1,40,12,30,9,1.5,0.5,,3,160,120,80,40,,,48,36,24,12,,,120,90,60,30,,,36,27,18,9,,,4.5,3,1.5,,,,1.5,1,0.5,,,,0,0,0,,,,9,6,3,,,,0
Mustard,1.8,±,0.18,,Mustard1.8,2,30,9,20,5,1,0.5,,2.5,120,90,60,30,,,36,27,18,9,,,80,60,40,20,,,20,15,10,5,,,3,2,1,,,,1.5,1,0.5,,,,0,0,0,,,,7.5,5,2.5,,,,0
Sesame,1.3,±,0.13,,Sesame1.3,1,25,10,20,7,1.3,1,,,100,75,50,25,,,40,30,20,10,,,80,60,40,20,,,28,21,14,7,,,3.9,2.6,1.3,,,,3,2,1,,,,0,0,0,,,,0,0,0,,,,0
GroundNut,2.6,±,0.26,,GroundNut2.6,1,12,12,15,12,1,0.7,0.2,,48,36,24,12,,,48,36,24,12,,,60,45,30,15,,,48,36,24,12,,,3,2,1,,,,2.1,1.4,0.7,,,,0.6,0.4,0.2,,,,0,0,0,,,,0
Soybean,2,±,0.2,,Soybean2,1,9,12,20,7,1,0.5,0.2,,36,27,18,9,,,48,36,24,12,,,80,60,40,20,,,28,21,14,7,,,3,2,1,,,,1.5,1,0.5,,,,0.6,0.4,0.2,,,,0,0,0,,,,0
Sunflower,2,±,0.2,,Sunflower2,1,35,12,28,8,1,0.8,,3,140,105,70,35,,,48,36,24,12,,,112,84,56,28,,,32,24,16,8,,,3,2,1,,,,2.4,1.6,0.8,,,,0,0,0,,,,9,6,3,,,,0
Sunflower,1.5,±,0.15,,Sunflower1.5,2,25,10,20,7,1.3,1,,,100,75,50,25,,,40,30,20,10,,,80,60,40,20,,,28,21,14,7,,,3.9,2.6,1.3,,,,3,2,1,,,,0,0,0,,,,0,0,0,,,,0
Linseed,1,±,0.1,,Linseed1,1,15,5,8,3,,,,,60,45,30,15,,,20,15,10,5,,,32,24,16,8,,,12,9,6,3,,,0,0,0,,,,0,0,0,,,,0,0,0,,,,0,0,0,,,,0
Niger,1.5,±,0.15,,Niger1.5,1,25,10,20,7,1.3,1,,,100,75,50,25,,,40,30,20,10,,,80,60,40,20,,,28,21,14,7,,,3.9,2.6,1.3,,,,3,2,1,,,,0,0,0,,,,0,0,0,,,,0
Potato,30,±,3,,Potato30,1,45,10,45,5,2,0.8,,5,180,135,90,45,,,40,30,20,10,,,180,135,90,45,,,20,15,10,5,,,6,4,2,,,,2.4,1.6,0.8,,,,0,0,0,,,,15,10,5,,,,0
Sweet Potato,40,±,4,,Sweet Potato40,1,40,12,40,5,1.5,0.8,,5,160,120,80,40,,,48,36,24,12,,,160,120,80,40,,,20,15,10,5,,,4.5,3,1.5,,,,2.4,1.6,0.8,,,,0,0,0,,,,15,10,5,,,,0
Mukhikachu,30,±,3,,Mukhikachu30,1,35,10,30,6,,,,,140,105,70,35,,,40,30,20,10,,,120,90,60,30,,,24,18,12,6,,,0,0,0,,,,0,0,0,,,,0,0,0,,,,0,0,0,,,,0
Panikachu,30,±,3,,Panikachu30,2,30,10,32,5,,,,,120,90,60,30,,,40,30,20,10,,,128,96,64,32,,,20,15,10,5,,,0,0,0,,,,0,0,0,,,,0,0,0,,,,0,0,0,,,,0
Cabbage,90,±,9,,Cabbage90,1,60,15,20,8,1.5,0.5,,,240,180,120,60,,,60,45,30,15,,,80,60,40,20,,,32,24,16,8,,,4.5,3,1.5,,,,1.5,1,0.5,,,,0,0,0,,,,0,0,0,,,,0
Cabbage,70,±,7,,Cabbage70,2,40,12,15,6,1.2,0.4,,,160,120,80,40,,,48,36,24,12,,,60,45,30,15,,,24,18,12,6,,,3.6,2.4,1.2,,,,1.2,0.8,0.4,,,,0,0,0,,,,0,0,0,,,,0
Cauliflower,50,±,5,,Cauliflower50,1,40,20,30,7,1.5,0.8,,,160,120,80,40,,,80,60,40,20,,,120,90,60,30,,,28,21,14,7,,,4.5,3,1.5,,,,2.4,1.6,0.8,,,,0,0,0,,,,0,0,0,,,,0
Cauliflower,30,±,3,,Cauliflower30,2,30,15,25,6,1.2,0.7,,,120,90,60,30,,,60,45,30,15,,,100,75,50,25,,,24,18,12,6,,,3.6,2.4,1.2,,,,2.1,1.4,0.7,,,,0,0,0,,,,0,0,0,,,,0
Chinese Cabbage,40,±,4,,Chinese Cabbage40,1,35,10,12,5,,,,,140,105,70,35,,,40,30,20,10,,,48,36,24,12,,,20,15,10,5,,,0,0,0,,,,0,0,0,,,,0,0,0,,,,0,0,0,,,,0
Broccoli,25,±,2.5,,Broccoli25,1,30,12,20,5,1,0.6,,,120,90,60,30,,,48,36,24,12,,,80,60,40,20,,,20,15,10,5,,,3,2,1,,,,1.8,1.2,0.6,,,,0,0,0,,,,0,0,0,,,,0
Batisak,30,±,3,,Batisak30,1,30,8,10,5,,,,,120,90,60,30,,,32,24,16,8,,,40,30,20,10,,,20,15,10,5,,,0,0,0,,,,0,0,0,,,,0,0,0,,,,0,0,0,,,,0
Tomato,75,±,7.5,,Tomato75,1,40,15,20,7,1,0.5,,,160,120,80,40,,,60,45,30,15,,,80,60,40,20,,,28,21,14,7,,,3,2,1,,,,1.5,1,0.5,,,,0,0,0,,,,0,0,0,,,,0
Tomato,45,±,4.5,,Tomato45,2,30,12,15,5,1,0.5,,,120,90,60,30,,,48,36,24,12,,,60,45,30,15,,,20,15,10,5,,,3,2,1,,,,1.5,1,0.5,,,,0,0,0,,,,0,0,0,,,,0
Brinjal,60,±,6,,Brinjal60,1,45,12,35,5,1,0.5,,,180,135,90,45,,,48,36,24,12,,,140,105,70,35,,,20,15,10,5,,,3,2,1,,,,1.5,1,0.5,,,,0,0,0,,,,0,0,0,,,,0
Lady's Finger,16,±,1.6,,Lady's Finger16,1,30,10,20,5,1,0.7,,,120,90,60,30,,,40,30,20,10,,,80,60,40,20,,,20,15,10,5,,,3,2,1,,,,2.1,1.4,0.7,,,,0,0,0,,,,0,0,0,,,,0
Radish,60,±,6,,Radish60,1,45,15,40,6,1.5,,,,180,135,90,45,,,60,45,30,15,,,160,120,80,40,,,24,18,12,6,,,4.5,3,1.5,,,,0,0,0,,,,0,0,0,,,,0,0,0,,,,0
Carrot,20,±,2,,Carrot20,1,40,13,30,6,1,,,,160,120,80,40,,,52,39,26,13,,,120,90,60,30,,,24,18,12,6,,,3,2,1,,,,0,0,0,,,,0,0,0,,,,0,0,0,,,,0
Country Bean,20,±,2,,Country Bean20,1,15,10,15,3,1,,,,60,45,30,15,,,40,30,20,10,,,60,45,30,15,,,12,9,6,3,,,3,2,1,,,,0,0,0,,,,0,0,0,,,,0,0,0,,,,0
Yardlong Bean,10,±,1,,Yardlong Bean10,1,7,9,11,3,0.6,0.6,,,28,21,14,7,,,36,27,18,9,,,44,33,22,11,,,12,9,6,3,,,1.8,1.2,0.6,,,,1.8,1.2,0.6,,,,0,0,0,,,,0,0,0,,,,0
French Bean,15,±,1.5,,French Bean15,1,25,10,15,3,1,0.7,,,100,75,50,25,,,40,30,20,10,,,60,45,30,15,,,12,9,6,3,,,3,2,1,,,,2.1,1.4,0.7,,,,0,0,0,,,,0,0,0,,,,0
Garden Pea,15,±,1.5,,Garden Pea15,1,15,8,10,4,0.7,,,,60,45,30,15,,,32,24,16,8,,,40,30,20,10,,,16,12,8,4,,,2.1,1.4,0.7,,,,0,0,0,,,,0,0,0,,,,0,0,0,,,,0
Sweet Gourd,40,±,4,,Sweet Gourd40,1,25,12,20,7,1,0.7,,,100,75,50,25,,,48,36,24,12,,,80,60,40,20,,,28,21,14,7,,,3,2,1,,,,2.1,1.4,0.7,,,,0,0,0,,,,0,0,0,,,,0
Bottle Gourd,40,±,4,,Bottle Gourd40,1,20,10,15,6,1,0.7,,,80,60,40,20,,,40,30,20,10,,,60,45,30,15,,,24,18,12,6,,,3,2,1,,,,2.1,1.4,0.7,,,,0,0,0,,,,0,0,0,,,,0
Ash Gourd,40,±,4,,Ash Gourd40,1,20,10,15,6,1,0.7,,,80,60,40,20,,,40,30,20,10,,,60,45,30,15,,,24,18,12,6,,,3,2,1,,,,2.1,1.4,0.7,,,,0,0,0,,,,0,0,0,,,,0
Teasle Gourd,18,±,1.8,,Teasle Gourd18,1,20,8,14,5,1,0.7,,,80,60,40,20,,,32,24,16,8,,,56,42,28,14,,,20,15,10,5,,,3,2,1,,,,2.1,1.4,0.7,,,,0,0,0,,,,0,0,0,,,,0
Bitter Gourd,25,±,2.5,,Bitter Gourd25,1,25,10,15,5,0,,,,100,75,50,25,,,40,30,20,10,,,60,45,30,15,,,20,15,10,5,,,0,0,0,,,,0,0,0,,,,0,0,0,,,,0,0,0,,,,0
Point Gourd,20,±,2,,Point Gourd20,1,30,6,12,5,1,0.5,,,120,90,60,30,,,24,18,12,6,,,48,36,24,12,,,20,15,10,5,,,3,2,1,,,,1.5,1,0.5,,,,0,0,0,,,,0,0,0,,,,0
Shake Gourd,27,±,2.7,,Shake Gourd27,1,25,12,20,7,1,0.7,,,100,75,50,25,,,48,36,24,12,,,80,60,40,20,,,28,21,14,7,,,3,2,1,,,,2.1,1.4,0.7,,,,0,0,0,,,,0,0,0,,,,0
Ridge Gourd,27,±,2.7,,Ridge Gourd27,1,25,12,20,7,1,0.7,,,100,75,50,25,,,48,36,24,12,,,80,60,40,20,,,28,21,14,7,,,3,2,1,,,,2.1,1.4,0.7,,,,0,0,0,,,,0,0,0,,,,0
Sponge Gourd,27,±,2.7,,Sponge Gourd27,1,25,12,20,7,1,0.7,,,100,75,50,25,,,48,36,24,12,,,80,60,40,20,,,28,21,14,7,,,3,2,1,,,,2.1,1.4,0.7,,,,0,0,0,,,,0,0,0,,,,0
Cucumber,16,±,1.6,,Cucumber16,1,25,8,20,6,1,0.7,,,100,75,50,25,,,32,24,16,8,,,80,60,40,20,,,24,18,12,6,,,3,2,1,,,,2.1,1.4,0.7,,,,0,0,0,,,,0,0,0,,,,0
Kangkong,40,±,4,,Kangkong40,1,30,10,15,5,,,,,120,90,60,30,,,40,30,20,10,,,60,45,30,15,,,20,15,10,5,,,0,0,0,,,,0,0,0,,,,0,0,0,,,,0,0,0,,,,0
Indian Spinach,40,±,4,,Indian Spinach40,1,35,10,20,5,,,,,140,105,70,35,,,40,30,20,10,,,80,60,40,20,,,20,15,10,5,,,0,0,0,,,,0,0,0,,,,0,0,0,,,,0,0,0,,,,0
Spinach,40,±,4,,Spinach40,1,15,5,5,4,,,,,60,45,30,15,,,20,15,10,5,,,20,15,10,5,,,16,12,8,4,,,0,0,0,,,,0,0,0,,,,0,0,0,,,,0,0,0,,,,0
Amaranthus,30,±,3,,Amaranthus30,1,30,9,15,4,,,,,120,90,60,30,,,36,27,18,9,,,60,45,30,15,,,16,12,8,4,,,0,0,0,,,,0,0,0,,,,0,0,0,,,,0,0,0,,,,0
Red Amaranthus,14,±,1.4,,Red Amaranthus14,1,25,6,10,3,,,,,100,75,50,25,,,24,18,12,6,,,40,30,20,10,,,12,9,6,3,,,0,0,0,,,,0,0,0,,,,0,0,0,,,,0,0,0,,,,0
Onion,16,±,1.6,,Onion16,1,35,15,30,10,1.5,0.7,,,140,105,70,35,,,60,45,30,15,,,120,90,60,30,,,40,30,20,10,,,4.5,3,1.5,,,,2.1,1.4,0.7,,,,0,0,0,,,,0,0,0,,,,0
Summer Onion,12,±,1.2,,Summer Onion12,1,25,10,20,8,1,0.5,,,100,75,50,25,,,40,30,20,10,,,80,60,40,20,,,32,24,16,8,,,3,2,1,,,,1.5,1,0.5,,,,0,0,0,,,,0,0,0,,,,0
Onion Seed,0.8,±,0.08,,Onion Seed0.8,1,40,15,35,8,1.5,0.7,,,160,120,80,40,,,60,45,30,15,,,140,105,70,35,,,32,24,16,8,,,4.5,3,1.5,,,,2.1,1.4,0.7,,,,0,0,0,,,,0,0,0,,,,0
Garlic,15,±,1.5,,Garlic15,1,38,16,30,10,1,1,,,152,114,76,38,,,64,48,32,16,,,120,90,60,30,,,40,30,20,10,,,4,3,2,1,,,4,3,2,1,,,0,0,0,,,,0,0,0,,,,0
Ginger,15,±,1.5,,Ginger15,1,45,15,40,5,1.5,0.5,,,180,135,90,45,,,60,45,30,15,,,160,120,80,40,,,20,15,10,5,,,4.5,3,1.5,,,,1.5,1,0.5,,,,0,0,0,,,,0,0,0,,,,0
Tumeric,30,±,3,,Tumeric30,1,35,10,40,5,1.5,0.7,,,140,105,70,35,,,40,30,20,10,,,160,120,80,40,,,20,15,10,5,,,4.5,3,1.5,,,,2.1,1.4,0.7,,,,0,0,0,,,,0,0,0,,,,0
Chilli,2,±,0.2,,Chilli2,1,32,15,25,5,0.5,0.7,,,128,96,64,32,,,60,45,30,15,,,100,75,50,25,,,20,15,10,5,,,2,1.5,1,0.5,,,2.1,1.4,0.7,,,,0,0,0,,,,0,0,0,,,,0
Coriander,2,±,0.2,,Coriander2,1,25,10,16,5,1,0.7,,,100,75,50,25,,,40,30,20,10,,,64,48,32,16,,,20,15,10,5,,,3,2,1,,,,2.1,1.4,0.7,,,,0,0,0,,,,0,0,0,,,,0
Black Cumin,1,±,0.1,,Black Cumin1,1,20,8,15,5,1,0.7,,,80,60,40,20,,,32,24,16,8,,,60,45,30,15,,,20,15,10,5,,,3,2,1,,,,2.1,1.4,0.7,,,,0,0,0,,,,0,0,0,,,,0
Fenugreek,1.7,±,0.17,,Fenugreek1.7,1,25,10,20,5,1,0.7,,,100,75,50,25,,,40,30,20,10,,,80,60,40,20,,,20,15,10,5,,,3,2,1,,,,2.1,1.4,0.7,,,,0,0,0,,,,0,0,0,,,,0
Sugarcane,100,±,10,,Sugarcane100,1,60,20,45,15,2.5,,,10,240,180,120,60,,,80,60,40,20,,,180,135,90,45,,,60,45,30,15,,,7.5,5,2.5,,,,0,0,0,,,,0,0,0,,,,40,30,20,10,,,0
Tobacco,2.5,±,0.25,,Tobacco2.5,1,20,11,27,4,0.6,,,,80,60,40,20,,,44,33,22,11,,,108,81,54,27,,,16,12,8,4,,,1.8,1.2,0.6,,,,0,0,0,,,,0,0,0,,,,0,0,0,,,,0
Betel Leaf,35,±,3.5,,Betel Leaf35,1,20,8,12,4,1,,,,80,60,40,20,,,32,24,16,8,,,48,36,24,12,,,16,12,8,4,,,3,2,1,,,,0,0,0,,,,0,0,0,,,,0,0,0,,,,0
Napier Grass,370,±,37,,Napier Grass370,1,45,12,15,5,2,,,,180,135,90,45,,,48,36,24,12,,,60,45,30,15,,,20,15,10,5,,,6,4,2,,,,0,0,0,,,,0,0,0,,,,0,0,0,,,,0
Para Grass,120,±,12,,Para Grass120,1,40,10,11,5,2,,,,160,120,80,40,,,40,30,20,10,,,44,33,22,11,,,20,15,10,5,,,6,4,2,,,,0,0,0,,,,0,0,0,,,,0,0,0,,,,0
German Grass,135,±,13.5,,German Grass135,1,35,10,11,5,2,,,,140,105,70,35,,,40,30,20,10,,,44,33,22,11,,,20,15,10,5,,,6,4,2,,,,0,0,0,,,,0,0,0,,,,0,0,0,,,,0
Dhal Grass,110,±,11,,Dhal Grass110,1,50,10,11,5,2,,,,200,150,100,50,,,40,30,20,10,,,44,33,22,11,,,20,15,10,5,,,6,4,2,,,,0,0,0,,,,0,0,0,,,,0,0,0,,,,0
Guinea Grass,120,±,12,,Guinea Grass120,1,45,10,12,5,2,,,,180,135,90,45,,,40,30,20,10,,,48,36,24,12,,,20,15,10,5,,,6,4,2,,,,0,0,0,,,,0,0,0,,,,0,0,0,,,,0
Jumbo,120,±,12,,Jumbo120,1,40,10,11,5,2,,,,160,120,80,40,,,40,30,20,10,,,44,33,22,11,,,20,15,10,5,,,6,4,2,,,,0,0,0,,,,0,0,0,,,,0,0,0,,,,0
Zamboo Grass,18,±,1.8,,Zamboo Grass18,1,15,3,4,5,2,,,,60,45,30,15,,,12,9,6,3,,,16,12,8,4,,,20,15,10,5,,,6,4,2,,,,0,0,0,,,,0,0,0,,,,0,0,0,,,,0
Pineapple,30,±,3,,Pineapple30,1,60,25,60,7,1.5,,,,240,180,120,60,,,100,75,50,25,,,240,180,120,60,,,28,21,14,7,,,4.5,3,1.5,,,,0,0,0,,,,0,0,0,,,,0,0,0,,,,0
Water Melon,60,±,6,,Water Melon60,1,35,12,27,5,1,0.7,,,140,105,70,35,,,48,36,24,12,,,108,81,54,27,,,20,15,10,5,,,3,2,1,,,,2.1,1.4,0.7,,,,0,0,0,,,,0,0,0,,,,0
Marigold,10,±,1,,Marigold10,1,30,13,30,5,2,,,,120,90,60,30,,,52,39,26,13,,,120,90,60,30,,,,,,,,,,,,,,,,,,,,,,,,,,,,,,,,,0
Marigold,15,±,1.5,,Marigold15,2,45,20,40,6,3,,,,180,135,90,45,,,80,60,40,20,,,160,120,80,40,,,,,,,,,,,,,,,,,,,,,,,,,,,,,,,,,0
Rose,800000,±,80000,,Rose800000,1,35,25,35,5,2,,,,140,105,70,35,,,100,75,50,25,,,140,105,70,35,,,,,,,,,,,,,,,,,,,,,,,,,,,,,,,,,0
Tuberose,125000,±,12500,,Tuberose125000,1,75,23,44,5,2,1,,,300,225,150,75,,,92,69,46,23,,,176,132,88,44,,,,,,,,,,,,,,,,,,,,,,,,,,,,,,,,,0
Gladiolus,200000,±,20000,,Gladiolus200000,1,60,22,45,8,2,0.7,,,240,180,120,60,,,88,66,44,22,,,180,135,90,45,,,,,,,,,,,,,,,,,,,,,,,,,,,,,,,,,0
Zinnia,300000,±,30000,,Zinnia300000,1,25,8,15,5,2,,,,100,75,50,25,,,32,24,16,8,,,60,45,30,15,,,,,,,,,,,,,,,,,,,,,,,,,,,,,,,,,0
Chrysanthemum,3000000,±,300000,,Chrysanthemum3000000,1,50,25,40,5,2,1,,,200,150,100,50,,,100,75,50,25,,,160,120,80,40,,,,,,,,,,,,,,,,,,,,,,,,,,,,,,,,,0
Chrysanthemum,4000000,±,400000,,Chrysanthemum4000000,2,45,22,40,5,2,1,,,180,135,90,45,,,88,66,44,22,,,160,120,80,40,,,,,,,,,,,,,,,,,,,,,,,,,,,,,,,,,0
Orchid,18000,±,1800,,Orchid18000,1,22,10,20,5,2,1,,,88,66,44,22,,,40,30,20,10,,,80,60,40,20,,,,,,,,,,,,,,,,,,,,,,,,,,,,,,,,,0
Gerbera,900000,±,90000,,Gerbera900000,1,50,25,40,8,2,1,,,200,150,100,50,,,100,75,50,25,,,160,120,80,40,,,,,,,,,,,,,,,,,,,,,,,,,,,,,,,,,0
Suger Beet,80,±,8,,Suger Beet80,1,50,15,40,5,2,,,5,200,150,100,50,,,60,45,30,15,,,160,120,80,40,,,,,,,,,,,,,,,,,,,,,,,,,,,,,,,,,0
